{
  "n_nodes": 10,
  "parameters": {
    "model_type": "cubic_stabilized_polynomial",
    "delta_cubic": 0.011,
    "gamma_vec": [
      0.10163986277024462,
      0.10706675868681398,
      0.0528474226478097,
      0.06715216562251031,
      0.11852769816973126,
      0.13338968626360767,
      0.08069662196722378,
      0.13936130796833973,
      0.12215438617683047,
      0.06899389542047968
    ],
    "edge_coeff": {
      "0-1": 2.5,
      "1-0": -2.5,
      "0-2": 2.5,
      "2-0": -2.5,
      "0-3": 2.5,
      "3-0": 2.5,
      "1-2": 2.5,
      "2-1": -2.5,
      "2-3": -2.5,
      "3-2": 2.5,
      "2-8": 2.5,
      "8-2": 2.5,
      "2-9": 2.5,
      "9-2": -2.5,
      "3-4": -2.5,
      "4-3": -2.5,
      "3-5": 2.5,
      "5-3": 2.5,
      "4-5": -2.5,
      "5-4": -2.5,
      "5-6": -2.5,
      "6-5": 2.5,
      "5-8": 2.5,
      "8-5": 2.5,
      "5-9": -2.5,
      "9-5": 2.5,
      "6-7": 2.5,
      "7-6": 2.5,
      "6-8": 2.5,
      "8-6": -2.5,
      "7-8": -2.5,
      "8-7": -2.5,
      "7-9": 2.5,
      "9-7": 2.5,
      "8-9": -2.5,
      "9-8": 2.5
    },
    "tri_coeff": {
      "0": {
        "1-2": 0.85
      },
      "1": {
        "0-2": -0.85
      },
      "2": {
        "0-1": -0.85,
        "8-9": 0.85
      },
      "3": {
        "4-5": -0.85
      },
      "4": {
        "3-5": 0.85
      },
      "5": {
        "3-4": -0.85
      },
      "6": {
        "7-8": -0.85
      },
      "7": {
        "8-9": -0.85,
        "6-8": 0.85
      },
      "8": {
        "7-9": 0.85,
        "6-7": 0.85,
        "2-9": 0.85
      },
      "9": {
        "7-8": -0.85,
        "2-8": -0.85
      }
    }
  },
  "simulation": {
    "dt": 0.00390625,
    "noise_std": 0.5
  }
}